GitHub Username,Super Admin,Prod,DevOpsCloud,QACloud,DevsCloud,DevOpsCore,QACore,DevsCore,DevOpsCTO,DevsCTO,QAPlatform,DevsPlatform,DevOpsPlatform,TOG Readers,Contributors,Citius,Keybird,DevOpsDataCloud,DevsDataCloud,QADataCloud
agalue,,,,,,,,,,,,,,,,,,DevOpsDataCloud,,
aherkenhoff,,,,,,,,,,,,,,,,,,,,
andyincalgary,,,,QACloud,DevsCloud,,,,,,,,,,,,,,,
BenD10,,,DevOpsCloud,QACloud,DevsCloud,,,,,,,,,,,,,,,
RangerRick,Super Admin,,,,,DevOpsCore,QACore,DevsCore,,,,,,,,,,,,
Bonrob2,,,,,,,,,,,,,,TOG Readers,Contributors,,,,,
bborovan,Super Admin,Prod,,,,,,,,,,,DevOpsPlatform,,,,,,,
cgorantla,,,,,,DevOpsCore,QACore,DevsCore,,,,,,,,,,,,
chantalmoffatt,,,,QACloud,DevsCloud,,,,,,,,,,,,,,,
christianpape,,,,,,,,,,,,,,,,,Keybird,,,
GanimanSwift,Super Admin,,,,,,,,,,,,,,,,,,,
pbrane,,,,,,,,,,,,,,,Contributors,,,,,
dennisxpan,,,,,,,,,,,,,,,,,,,,
dino2gnt,,,,,,,,,,,,,,,,,,,,
dongdongjssy,,,,QACloud,DevsCloud,,,,,,,,,,,,,,,
fooker,,,,,,,,,,,,,,,,,Keybird,,,
freddy61025,,,,,,,,,,,,DevsPlatform,,,,,,,,
snowsky,,,DevOpsCloud,QACloud,DevsCloud,,,,,,,,,,,,,,,
jadyhou,,,,,,,QACore,DevsCore,,,,,,,,,,,,
jaymberry,Super Admin,,,,,,,,DevOpsCTO,,,,,,,,,,,
jeffgdotorg,,,,,,,,,,,,,,,Contributors,,,,,
jbeuree,,,,,,,,,,DevsCTO,,,,,,,,,,
j-white,Super Admin,,,,,,,,,,,,,,,,,,,
JessiDoesStuff,,,,,,,,,,,,,,,,,,,,
ProjectJYL,,,,,,,,,,,,,,,,,,,,
mmahacek,,,,,,,,,,,,,,,,,,,,
maximbrener,Super Admin,,,,,,,,,,,DevsPlatform,,,,,,,,
mikewrosey,,,,,,,,,,DevsCTO,,,,,,,,,,
mlisonnn,,,DevOpsCloud,QACloud,DevsCloud,,,,,,,,,,,,,,,
patrick-schweizer,,,,,,,,,,,,,,,,,Keybird,,,
bouff,,,DevOpsCloud,QACloud,DevsCloud,,,,,,,,,,,,,,,
RezaOpenNMSGroup,Super Admin,Prod,DevOpsCloud,QACloud,DevsCloud,,,,,,,,,,,,,,,
roman-romaniuk,,,,,,,,,,,,,,,,,,,,
indigo423,,,,,,,,,,,,,,,,,Keybird,,,
nmsrreabel,,,,QACloud,DevsCloud,,,,,,,,,,,,,,,
saskipper,,,,,,,,,,,,,,,,,,,,
scthompsonopen,,,,QACloud,DevsCloud,,,,,,,,,,,,,,,
garcia-sr,,,,,,,,,,,,,,,,,,,,
shreyance-rai,,,,,,,,,,,,,,,,,,,,
swachter,,,,,,,QACore,DevsCore,,,,,,,,,Keybird,,,
veekannan,,,,,,,,DevsCore,,,,,,,,,,,,
yangli2014,,,,,,,,,,DevsCTO,,,,,,,,,,
mszoek,,,,,,,,,,,,,,,Contributors,,,,,
aramosvizcarra,,,,,,,,DevsCore,,,,,,,,,,,,
jb68,Super Admin,Prod,DevOpsCloud,QACloud,DevsCloud,,,,,,,,,,,,,,,
psuthar-opennms,,,,,,,,,,,,,,,,Citius,,,,
dherdt,,,,,,,,,,,,,,,,,Keybird,,,